userID,artistID,weight
703680,155818,230
801034,674816,411
872331,448393,860
975852,181501,859
563786,589532,221
680731,173540,145
580347,467336,2479
510457,683627,1049
427619,139708,700
582638,111351,335
677984,222168,127
763494,116583,591
565110,776827,101
229032,576192,161
789430,858686,13
792900,697735,83
806119,720021,93
185660,358492,1810
703102,892846,2433
886976,359964,214
228705,744225,1332
685281,168036,226
457281,676985,900
687507,79564,150
976288,853711,1514
834376,660710,2085
652344,412048,280
567610,695522,1497
757732,561824,1189
880154,289302,883
87420,368515,175
656073,500298,612
233136,230551,456
23425,168259,1580
267531,712748,741
500785,600576,61
464862,681692,10
175764,731273,46
485906,682351,130
564202,830738,723
39784,432562,28
708871,945506,195
960886,124092,1147
617317,481574,148
432054,232504,444
888088,178147,243
827484,175115,632
101403,810856,488
198599,930630,1081
184614,885751,203
168685,991132,256
360936,181501,14
594395,467336,490
960230,944806,491
983077,453204,173
914527,19394,291
134594,361613,639
257737,322436,140
514611,742056,207
90287,46897,61
960206,155818,79
196165,323222,197
847891,545918,1105
927322,634974,645
728367,610392,27
138760,354754,27
383577,43041,263
756469,203088,359
263144,419839,384
688290,810856,185
229999,173540,486
873523,71619,411
826268,477242,300
196767,405050,157
956139,429815,40
853921,247498,294
642482,209007,335
192054,947232,697
991436,950081,4039
402936,359220,974
73483,343176,48
665395,696504,169
94128,191805,1073
733443,784640,24
145024,149616,831
87420,357060,220
939428,443963,469
845022,172970,95
73989,442208,1922
748236,43055,564
961715,780093,14
789805,753436,527
321379,361613,90
298171,137151,6
473629,964047,1436
961018,278805,35
922821,845427,1484
746758,543648,257
199796,923116,182
567276,361613,968
787431,76576,94
809388,421331,5
956839,530632,832
645071,272457,604
497095,958530,69
303215,325011,696
616654,166845,939
402769,429117,258
387838,789786,1152
280445,278805,415
921397,845427,406
5545,138995,267
269328,843807,22
815960,358032,51
581089,175115,373
258600,343176,674
826214,124092,425
511970,378771,206
930675,569289,408
235465,677576,708
826533,665162,888
63167,457602,251
749492,122935,313
115791,99737,109
348711,494777,202
457220,23763,1537
87432,873790,174
878123,935585,49
749597,695522,2117
155431,668467,505
843911,156463,337
733993,301921,530
173252,259282,240
304970,40691,2315
667644,930577,11
291936,218845,175
853921,208721,671
809698,172970,931
212905,342381,260
548651,879365,49
40242,332403,1
629589,440242,629
572442,926341,204
862066,853711,448
690928,698415,484
880154,961450,514
838520,361613,633
950278,181501,262
705172,984203,283
525454,282435,890
94085,697735,323
742254,887902,300
204933,736860,91
418840,22989,49
459393,302116,108
387451,11502,913
127948,443525,167
162715,975724,417
233407,175115,16
720908,172767,659
738689,940986,1
443869,159780,253
965700,158396,34
760280,430087,1598
535656,699356,151
545414,64135,338
706244,184702,60
14468,530577,643
473629,831838,961
927895,156463,300
321379,569772,31
714063,444328,2167
413789,442208,731
328648,442180,1329
844831,825117,1223
652162,530577,766
35301,581871,2017
51309,200862,250
690928,622212,404
709789,569289,762
307077,853711,257
583366,322141,172
770147,964615,61
485327,530632,448
390708,919754,111
500243,580528,68
105101,155818,282
592059,835492,518
35301,19394,1143
609299,513102,104
922821,222168,1408
606675,118072,462
388163,576534,287
292139,795806,137
428585,203088,163
921538,866793,1469
269980,545860,684
739689,443963,46
544870,62959,1152
230844,30048,2479
133694,429117,207
872098,65027,46
304321,88581,290
922821,670344,912
602086,417921,276
50241,929648,11
523601,940359,426
428998,477958,789
386252,490812,1571
527585,530577,634
672075,203088,2022
549879,719852,707
517910,853711,220
674938,923116,269
379468,839768,448
629329,359220,39
738689,139708,20
836445,714905,542
728654,576534,153
162306,839864,521
677058,961450,433
696596,429815,153
865119,810856,1435
702370,864193,481
889386,342381,499
12778,676985,176
748236,683627,799
146050,882140,2644
860559,343176,124
501724,103828,297
629275,371227,151
767243,810856,362
648669,720245,142
873523,352427,508
411817,419839,526
379357,528099,323
500846,156463,394
984969,107765,44
31327,753436,109
144919,59550,226
52441,825117,253
17180,531167,1515
113887,720245,1214
798629,366172,712
180375,257446,895
677984,998913,112
991074,244124,511
202511,404332,425
749597,817206,910
540926,146545,821
754834,341932,59
84252,558292,25
680396,707607,395
138343,732090,283
208192,558834,317
899692,259282,49
578454,685284,104
759507,875661,214
212710,206710,196
619310,337599,328
685281,860465,126
51230,697735,232
5545,964615,169
46049,322436,1358
560178,282435,4578
865119,695522,1832
478885,693469,169
197033,20822,1388
519266,918042,12798
900442,768391,1187
731718,257446,729
703680,785196,372
779448,637840,448
366716,222168,626
412878,853711,94
569729,947182,560
213799,750287,242
905328,289302,686
394550,969697,367
10146,133019,291
914075,481574,291
25155,306419,370
837400,637196,296
212905,741090,144
485420,276693,3105
617317,550395,276
471115,628744,70
308024,417021,12
368320,512900,162
901815,477242,732
704863,877336,205
780239,458201,254
233229,589663,604
448583,590338,121
465371,720021,427
479968,43965,44
290643,2282,267
473629,964047,1436
287882,625262,299
751813,156463,779
12180,158427,76
218067,720021,206
440649,683627,243
583366,290726,200
154142,961450,535
257365,110225,1620
425980,560212,127
162306,952765,419
717621,882140,301
941366,615562,455
926638,442208,6891
805478,203088,1307
278830,332403,464
892315,176088,456
728654,172260,173
687395,357060,51
23425,361613,1561
996586,964047,704
13084,742056,26
914075,617660,375
303215,416657,494
30404,668067,898
655693,956375,665
572295,457602,10
388163,845658,513
275753,763239,185
508803,173210,59
320710,367555,835
178036,632927,1116
415534,78309,3022
939109,357060,818
233713,668067,454
616727,810856,130
694983,617660,176
897835,252161,1652
804132,412048,260
377658,332403,414
386404,30958,310
776400,86690,577
133263,70231,368
909495,412048,109
527585,121800,595
3028,92051,447
91756,930630,841
367802,20945,718
274002,720245,918
943078,161791,777
16583,325011,406
312559,660918,99
946410,306419,245
646566,88581,844
958627,357060,66
798629,947232,1020
198793,923116,181
629573,116583,677
535656,684955,354
320505,62959,49
325302,853711,2804
139237,124092,124
226076,224759,1060
277770,442180,923
919883,412048,1519
202214,124092,5262
385467,554209,93
300804,685277,155
600619,611677,270
430771,442180,2445
921538,259282,1309
733993,301921,530
877276,831838,441
520152,368515,243
29229,543648,305
980347,887902,2184
314971,14510,3421
872280,731343,1178
647391,7239,219
13713,947232,165
88536,47251,92
533032,442208,404
149845,453204,118
461374,842353,278
397925,352427,336
748809,765421,670
196165,975724,102
550427,247498,564
198812,964047,143
361930,807942,88
675367,481574,6
981277,175115,259
550269,461718,106
872098,580997,99
29341,714905,1326
501468,809910,110
581813,853711,576
687395,961450,49
468276,92883,823
623294,593407,121
515608,303318,137
968421,880878,37
52929,968746,354
393604,432302,70
494116,419839,38
52933,845427,260
49766,324722,183
751455,442208,190
711852,419839,570
5334,429815,235
652344,622212,174
616467,77532,135
400867,142649,102
584174,684955,203
60438,680503,233
30404,218845,673
809698,918042,2268
950407,285685,96
290858,865701,317
132102,720245,909
107122,810277,25
376613,95297,728
52933,838567,121
756469,85370,400
197117,837231,453
628474,143964,586
509031,62959,48
238281,146980,181
648400,901795,246
462373,918042,2337
190171,720021,2747
438811,593896,69
705897,163987,757
886557,161470,593
948660,361613,107
428585,134783,134
154714,85370,183
381409,134783,70
466354,325011,622
510457,361613,1020
729324,728573,311
328887,892846,215
983454,443963,31
841967,155818,544
294105,558292,116
688082,176088,644
208530,520514,111
5334,755701,228
672617,904592,1912
445584,720245,298
98012,481574,282
757732,429117,896
651842,404921,217
179421,332403,1675
696944,467336,2458
757708,805437,9
745745,85370,637
773773,578968,349
830138,83760,313
816529,427016,22
74832,85370,493
786606,173540,249
728654,343176,140
641101,359220,46
662690,59550,295
287882,720245,475
996946,581871,7906
831962,695522,424
980347,121996,1373
675367,285685,6
32513,30376,211
391289,765004,238
109353,712748,1900
91959,163987,5
329918,543648,822
865448,797471,295
674371,483285,146
217484,139878,502
923619,341932,631
235465,677576,708
522992,683627,678
259412,918042,954
109353,894544,2193
356813,64135,6382
890152,30376,253
983077,359220,160
75683,343176,222
677984,132660,149
976972,318504,418
102809,357600,68
267531,936020,253
296720,905371,11
738728,579967,2825
170321,155818,234
60438,772796,145
249667,232504,1280
226184,282435,162
623294,245135,39
580758,955087,1261
504578,720245,243
3859,417999,140
267531,567422,639
763494,337599,993
748236,337273,662
46098,54879,21
179421,7391,1233
816529,15238,19
249741,785196,3030
742254,681692,394
149710,918042,3048
943753,342381,384
565019,19394,711
239215,684955,376
865119,442208,4237
189144,879365,30
285752,631627,139
82245,740537,93
612336,595517,356
943405,706119,103
314004,175115,661
182917,878291,676
98220,358877,120
887152,656648,111
525454,181501,554
307836,366475,59
889517,210547,677
154714,175115,207
462373,191805,752
87432,139708,326
993278,955087,2
88833,481574,534
820043,853711,822
178036,419839,1511
23425,181501,772
152292,88020,276
872280,746858,641
235170,647752,48
157849,546334,21
870695,671635,978
475311,569772,11
119912,964047,652
229999,309284,239
434435,359220,267
366716,653526,713
983003,395742,114
462373,430960,775
385920,168040,952
399241,110225,800
249741,83760,1780
255238,593896,295
642482,377243,528
583524,429815,491
921500,442208,314
443018,299201,255
915822,501406,650
578454,741090,82
725592,662929,8
299012,742056,160
35953,993433,48
388542,539831,62
987042,679564,113
461672,285685,239
551116,942223,123
904490,707607,749
245375,523230,951
777914,46858,656
84252,27852,24
141626,134783,615
32820,894544,1314
446114,853711,1519
280345,595651,237
788707,110225,917
588774,998913,463
940112,892846,637
685438,325135,1207
704863,203088,238
287399,695073,99
481517,965622,891
36989,252330,88
149710,631627,475
21197,8532,132
672075,707607,2256
904490,353431,310
778023,924533,305
721041,40691,6469
621581,479451,2081
687507,368515,111
312559,753600,156
292231,358706,1048
40167,685277,966
165064,792241,264
858927,200862,106
960673,209975,1200
743002,699356,137
943753,706932,280
849071,169708,5745
933875,890120,536
502855,161470,417
931636,866793,1493
689551,859848,489
905328,77532,529
864274,853711,1270
854305,546334,230
912876,528099,89
801034,83016,160
641101,878291,53
160531,838773,121
456045,172260,265
820043,181501,329
980347,430087,1235
546751,90870,416
472734,993470,643
572442,182948,142
134594,975724,338
278830,821099,443
303215,799263,739
457566,961450,573
268330,77532,68
651183,161791,3294
784469,197265,282
538866,323714,863
396793,356630,411
55408,762652,1917
956139,712748,39
950407,429815,137
539688,354754,439
488972,427016,1168
679277,463579,1971
717621,204071,129
147687,323714,331
344387,804852,350
646811,603814,391
106422,559634,324
400684,598237,744
83556,28824,74
857941,560212,71
921500,712748,158
155448,159881,48
397832,271305,81
931303,914322,844
693315,422993,105
960206,968746,111
841491,581546,707
560178,429815,4176
135234,964047,1131
220422,454172,223
461374,359964,140
930582,431405,412
898340,959822,62
537780,151958,369
745745,332403,636
255238,785196,402
155813,546613,317
462373,853711,1427
810951,842353,250
428286,837231,604
363327,124092,652
517362,155818,486
676545,667218,1916
718811,830738,494
272515,252330,1101
386252,720021,1251
461672,845658,328
767243,892846,418
290858,429815,749
548897,77532,89
199575,858686,483
35632,172260,504
921349,652478,31
548651,885751,88
764100,566781,99
206430,78544,1941
822352,35691,300
776400,124092,713
381316,79564,277
155448,173500,24
626453,168040,5695
879323,706932,375
625230,427016,366
550269,467096,185
364412,794732,417
777692,172767,358
917331,280800,2103
621581,76655,1924
676547,707607,421
994557,203088,913
363327,811014,373
44344,124806,1422
217484,139878,502
948660,825117,53
470988,407444,505
904490,576534,366
858239,617660,169
131584,541838,842
178090,197587,137
81638,626176,216
160451,88581,139
893916,366172,1
962823,964047,61
380320,418352,289
680069,279019,402
329721,203088,2300
338687,853711,3910
665381,226012,190
806610,172260,194
596439,682351,577
179421,168040,1979
502990,19394,382
402706,155818,494
101021,515894,2142
173042,481574,716
329918,543648,822
208237,603814,527
696944,724817,1348
763874,697735,2502
185706,324421,152
956839,945506,652
980278,477242,206
388542,68758,68
229032,841918,491
889517,500298,390
212644,289302,602
589816,665225,97
360936,83760,10
39784,449050,36
572310,853711,1038
278374,746858,19
848198,858628,1112
931256,530577,1126
865855,354754,28
826268,531167,483
933875,137151,1830
224720,834789,79
109410,993470,424
862531,810856,184
473629,467336,2347
645088,892846,715
606750,203088,676
105101,323714,388
714063,595651,2368
994520,94700,88
930068,490812,677
611929,603814,344
767243,837231,368
314004,433133,1162
160451,88581,139
128643,120514,296
263666,936020,60
329721,395742,1053
500243,166932,101
956839,209750,904
495790,137151,2200
97664,175115,476
953808,71619,320
139237,271305,73
235465,166845,830
345317,960105,1180
702113,155818,1462
936230,720021,59
996946,256944,6548
494923,203088,861
387838,419839,995
57955,882140,262
9072,968746,412
189144,849673,35
259412,124092,464
280445,445880,490
614659,860838,1048
317525,133305,446
248522,421230,1216
208084,707607,846
20501,720021,387
200749,422993,2808
60438,7391,233
239119,531167,688
214829,368515,213
717621,720471,249
16583,161791,528
149845,161791,161
708871,945506,195
594395,200862,306
962823,266299,59
783758,244124,526
456045,926341,311
939571,181501,412
94085,33540,293
677058,481574,519
261329,558292,568
738689,636297,13
939238,347465,1
811101,841332,1950
393955,404332,469
183541,660710,375
583328,955087,622
342670,467336,2614
869053,561824,824
759507,59550,220
285752,978372,231
520152,417999,539
166096,779403,251
23413,458201,7
33893,12052,97
863527,124291,66
255026,947182,492
252585,349340,166
550465,926341,490
676169,817299,196
714512,11502,1515
375550,648994,1481
940375,353431,408
946410,493058,242
535656,244124,276
387838,161791,1360
690769,43965,582
778959,850645,128
878123,941421,13
930582,161791,253
32813,442180,85
877034,975724,133
405415,209750,2317
802814,437750,940
138760,354754,27
769063,33540,386
369563,308431,119
863527,55333,27
229536,695937,507
553919,298381,5
307077,173210,59
891024,209750,1778
674371,71619,317
679277,731343,2497
208237,131361,1054
494923,203088,861
670600,510309,261
87420,322141,240
484907,203088,75
141626,467336,979
643349,85370,1406
804482,763185,56
46079,124806,193
920883,882140,615
221082,34924,199
148529,68618,875
835455,513102,119
821723,744225,278
381742,454172,322
84252,419839,29
674938,165206,177
713609,33540,377
35301,569772,660
323213,943114,558
320312,231924,142
406426,742056,46
54907,279434,55
648669,99737,99
343297,593407,142
936489,173210,194
739689,207572,47
983454,943000,14
328887,11502,248
984969,508732,16
415685,175115,2185
154611,372792,1
788474,207572,132
10146,429815,415
5334,911765,301
280345,500298,151
198812,697735,124
168383,475017,301
128643,252330,421
367242,737971,123
227356,701088,114
962823,689022,91
360936,765004,10
825437,845658,954
314004,785196,479
983077,710003,191
956139,124092,54
9797,62959,657
427619,139708,700
926285,967776,157
841967,918042,2539
956139,156463,34
983454,117240,74
197033,593407,1230
238350,313852,953
292771,683627,362
590674,284898,30
652256,120514,226
379529,175115,411
831804,601564,375
300740,442208,2604
781907,239589,411
477165,918042,3233
950278,182948,200
72732,276693,41
734572,357060,136
541390,134783,344
486723,918042,5480
680069,83760,252
300740,617660,1286
249741,810277,2088
784623,166845,839
255238,407954,262
52933,172970,353
715340,59550,118
318613,968423,32
996946,419839,4788
170321,880878,418
24356,936601,961
758559,373880,74
995474,685277,827
950278,111351,207
218312,528099,769
518921,442180,1427
445584,202503,230
641245,154970,1412
962823,964047,61
580763,325752,361
891017,43041,631
588774,880878,668
484907,134783,62
102625,417921,2146
435858,631627,202
565019,676985,632
15762,397791,12
952776,83760,240
321831,841918,4380
9797,244124,1002
909826,569289,2151
702370,230551,390
436879,530577,999
461374,668067,229
931636,990451,694
511164,991841,960
552679,580751,361
896821,181501,544
864274,831838,394
558817,539831,162
338687,683627,3331
68322,807942,51
490549,99737,322
635419,918042,1186
784451,353431,154
321831,926341,1735
278830,716602,159
781907,239589,411
756469,133019,254
154832,231924,355
845634,465904,150
393955,546334,427
307836,285685,98
372854,217961,225
380320,582264,304
138760,786341,40
932825,161791,1035
475311,392334,25
908195,680503,199
119317,974267,294
239119,977491,158
572310,789786,586
642984,366462,251
198599,866793,1244
308024,417021,12
763874,128283,3573
514757,22156,362
858239,34924,88
97664,200862,304
684086,466274,793
160451,88581,139
287399,372657,75
164135,337273,1433
143176,880878,404
145,430087,111
364412,681692,371
884287,853711,77
216482,71619,970
662733,759621,455
299012,850104,813
583351,880878,151
416958,943498,462
69792,733553,335
387456,595651,217
243896,252933,277
152991,361613,142
858258,568205,396
46049,894544,1917
502855,442208,2123
413862,442208,455
50105,278891,418
863817,998913,73
490549,422993,624
656748,840981,2403
562020,965622,1129
244421,530632,342
559800,43055,353
549429,853711,156
363327,837094,322
778959,353431,92
978744,305866,277
833290,694628,230
939571,361613,887
295282,914322,91
777692,693469,495
588548,357060,541
536001,814031,16
321831,690691,2114
764148,969697,1918
14688,655018,2271
144562,765421,325
107122,311506,13
812593,81663,347
624871,974267,9
674938,817299,129
110303,442208,1714
619310,230551,132
886976,595651,347
292231,357060,1245
863527,19394,99
927895,785196,317
175764,845427,47
888338,176088,480
742254,427016,265
324446,453949,460
652256,757587,585
680069,720245,409
784451,111351,186
677025,631627,47
296676,923116,895
341782,222168,277
27282,685284,429
494116,155818,26
447121,528099,736
510562,230551,274
677984,124092,218
214829,546334,311
209564,405050,41
726374,912372,233
345522,235559,745
118098,513102,1199
786606,467336,420
17180,913809,811
889399,853711,2995
846172,155818,123
67558,307791,2002
929711,710589,1189
698431,693469,1837
488932,992122,426
541424,154970,482
160531,75840,276
168346,481574,370
447968,418786,559
663510,161791,404
435858,97764,340
805478,442208,2657
551116,676985,121
792165,467336,205
30144,250431,168
1539,158427,1295
982806,660174,184
119317,24488,486
417037,323714,103
617795,728573,198
213860,579967,52
783042,528099,706
820043,576534,259
513869,720245,346
292231,720021,1426
872280,821099,1321
418840,546334,57
24901,467336,146
945432,887902,67
243588,121020,151
782334,615562,161
961018,282435,74
735011,503267,105
395918,558616,311
82245,825117,73
40167,222168,1510
187469,124092,1481
59627,230551,185
173108,658396,156
280345,312649,112
537780,151958,369
792900,842353,147
249741,683627,4994
109576,681692,235
994520,62959,138
676547,383272,235
377863,154796,527
387456,782278,180
381409,842353,104
22741,619680,13
978528,578968,1134
112134,15238,829
916590,19394,247
200749,652478,3225
940045,50627,319
457741,82472,1196
999975,337273,288
702113,124092,3525
445459,617660,471
560178,347465,1713
927331,950005,4404
208224,837231,390
183541,268162,287
572310,586320,322
413789,156463,319
272968,853711,384
580758,579967,1328
971290,15238,920
428585,134783,134
127409,251377,364
772157,124092,1546
300804,493058,229
834971,761992,127
146170,772796,1339
596916,442180,467
694461,833579,591
687395,357060,51
226076,546334,1754
878123,50627,19
198694,397791,1122
670600,510309,261
469180,610393,509
572442,716602,103
237425,62760,295
999975,765421,216
826214,124092,425
351038,682351,613
708871,358877,294
893916,464465,2
202173,531167,117
40167,853711,3217
980347,13960,2267
553396,247498,236
845632,618540,39
386252,979791,351
601817,843807,1169
204933,27852,110
578454,231924,175
983979,79564,281
767217,752391,1751
178036,707607,1982
572442,817206,95
508803,944806,108
217877,779403,421
860559,378771,170
198694,442208,2176
13084,944806,63
994931,220331,231
489729,629128,314
564202,429117,718
617317,902478,221
452902,449058,177
820777,417293,290
784451,707607,372
509937,194983,135
518921,442180,1427
316303,442208,679
583366,322141,172
500846,404332,401
921349,593896,18
589816,200991,57
838702,892846,182
777914,945506,705
536265,622212,131
617317,481574,148
834971,500298,169
991163,825117,91
235413,154970,1407
485327,563716,598
143176,880878,404
104494,493058,1381
846172,958530,127
183697,419839,722
208237,984203,619
182917,772796,363
307836,578968,109
21485,697735,821
662733,263311,614
633800,960493,42
804583,59550,1445
518855,165882,790
239119,892846,514
387451,341932,579
365616,68758,93
173108,530577,696
867717,776827,610
300740,810856,899
405415,166932,3137
150265,122935,975
226184,193033,234
887167,62959,69
533645,936020,538
320505,357060,53
921500,849673,90
548221,610392,594
368452,467096,1328
363878,230502,8
212256,284898,917
980347,419839,2059
943078,974267,432
779163,203088,1293
757708,528099,14
583085,6139,487
30727,217762,1038
561339,887902,18
909495,693469,128
374572,134783,302
884287,134783,36
901815,155818,626
477165,926341,863
721041,292823,3167
68322,45981,42
951876,263311,243
875919,772796,23
632109,364227,1524
773773,885751,331
956839,11502,841
301337,361613,522
675367,969697,8
145284,379168,335
858239,222168,136
102809,132768,54
136343,707607,163
873129,720021,744
743325,166932,1437
344387,322436,799
280445,361613,1083
83556,175115,358
220518,362489,222
185706,944806,273
750533,768391,676
834971,733338,149
107122,33540,26
757708,828986,8
879323,417999,721
185706,85370,416
387838,358492,1407
152481,421381,45
435311,530632,161
385467,890771,51
890152,64135,656
909244,838276,477
749597,811014,1898
833025,299199,320
515608,701088,199
194857,449050,657
617795,481574,229
584862,681692,945
890236,912312,954
749597,311506,760
217484,121800,821
546836,68758,184
615851,720245,188
202173,341932,64
547245,337273,715
130948,648801,617
24807,494777,70
819064,22989,1307
499564,706119,481
310461,531167,3396
676547,982698,238
405415,352427,2148
625230,99737,249
308469,510343,514
609299,203088,168
51230,817206,119
227356,361613,187
824555,639983,213
933875,807942,760
208237,172260,604
782910,855224,186
510562,22989,362
917325,768391,90
425517,508949,275
223302,513102,5
233229,543648,1162
307077,222168,123
958627,890120,43
889399,461185,1312
749499,767751,177
46049,789786,1640
137040,720021,2704
88225,626986,684
788474,207572,132
120748,944806,67
455432,280800,1180
798629,501406,748
856725,505424,315
694461,365434,337
569729,947182,560
444135,337273,808
619849,915961,242
377319,944806,68
550427,720021,946
51230,853711,571
374572,656648,104
12180,34924,44
150265,660174,565
227443,166845,1032
314004,332403,582
135153,493058,216
91355,71619,652
301186,361613,2544
195691,853711,580
174752,969697,312
336630,717014,32
191061,896897,31
602086,955087,283
992466,610392,96
633398,959822,171
655693,419839,549
572310,467336,788
993698,845427,788
12778,508949,201
370851,81586,561
568086,733553,330
101403,810856,488
400288,127368,655
202214,176088,3452
106743,272463,311
117383,426319,200
804132,163987,181
233136,745054,340
103719,595651,308
857999,205688,375
522992,285685,331
830138,467336,795
387451,950993,618
992466,19394,126
593103,427016,159
784715,662929,767
125115,357060,13
523601,327235,968
249667,98678,361
908195,158535,227
179421,683627,2200
725592,313536,4
235413,59550,2076
385510,560212,1402
495692,139045,219
271278,490812,255
887200,429815,3652
169645,343176,56
983674,414172,746
889399,111351,940
729972,361613,1990
980347,197651,1805
213860,356630,48
685438,918042,5258
173042,466431,943
454428,354754,391
385467,298381,42
590674,760269,55
567216,772796,229
40413,313852,328
279138,337610,333
135153,853711,487
143176,878826,281
871393,918042,1273
25383,765421,424
779448,467336,412
113887,831838,783
70420,417921,30
154186,719321,5
583085,419839,453
179421,325135,993
872280,203088,1182
753692,660124,46
544870,298381,964
326381,21244,543
212644,865987,289
398903,628744,1278
939109,375031,906
435858,244124,452
915822,610392,954
617866,740537,3
24901,172767,85
472016,158396,484
117648,85370,1573
956139,161470,15
101403,634974,304
921349,600576,21
784623,219307,729
909244,166703,1672
662690,880536,259
275713,974957,149
674371,865987,225
550465,30048,428
987042,956375,451
994374,563793,14
264895,230551,12
132271,873407,618
497095,175115,147
663510,324722,215
504078,712748,741
166107,404332,204
580347,467336,2479
349749,120514,178
314971,121308,17569
607890,843062,56
738689,695522,24
88833,369424,1103
927331,81586,3198
701078,676985,17
798629,720245,1471
98220,940359,87
12494,169708,1299
890236,930630,547
14468,675314,442
92970,697735,1019
830138,442180,836
705632,569289,115
857999,569772,248
534751,853711,1268
506480,247498,903
322877,371227,31
235452,359220,452
132271,138281,333
134594,46696,593
441435,682351,889
558817,528099,387
15762,189673,10
687155,823729,717
531278,830826,6
145284,790991,186
954515,845658,2415
178036,181501,1208
995474,843062,756
778023,882140,734
700784,606225,814
665381,737971,111
541390,134783,344
198793,322436,125
326381,610392,501
770147,133305,209
933424,780093,12
886557,395742,716
402936,913129,652
189623,467096,178
74017,482465,706
71369,728573,587
991436,916093,6981
583351,161791,172
46049,956375,1608
613750,513382,69
527585,154970,297
770147,842353,226
951876,211286,249
959850,580997,179
837400,809762,584
798629,124092,2435
508580,442180,471
225106,589953,224
875987,161791,578
144771,181501,452
476123,197587,306
872098,173540,57
271278,921639,185
821622,991841,243
153473,11502,412
819316,923116,481
485420,653526,4291
749597,968423,988
589816,166845,115
88536,90870,177
492335,313852,2601
764100,66853,72
421038,6139,325
965592,835492,240
909173,576534,449
836445,714905,542
72444,119506,162
454933,19394,703
498989,158427,877
918090,720245,131
855085,644221,1261
875987,755701,483
425517,419839,268
160199,671635,472
590674,239589,30
399905,133019,251
699658,178147,327
599046,825117,107
263144,558834,339
940375,359220,647
499932,865987,379
457220,984203,1491
352318,827034,150
292139,327235,452
718042,918042,612
652344,412048,280
539688,716602,230
569192,657582,170
589614,776827,186
792900,550395,172
653180,342381,445
904490,134783,550
55408,538378,942
220422,837187,19
709535,950005,72
417037,392334,143
88536,742056,100
12180,600576,72
264058,740213,189
23921,689022,67
339740,885378,111
594395,134783,307
748640,92270,285
517910,209750,126
446114,181501,596
705897,430960,1143
67558,395742,3412
439346,343176,409
828331,161791,721
892491,200991,221
931169,298381,312
189623,640865,117
397925,404332,313
956839,731646,991
36970,660174,784
106422,559634,324
141927,618578,149
391289,955087,398
263666,689582,82
12180,600576,72
489729,850645,361
789805,652478,527
491298,279434,1
572442,337273,329
117648,660710,1482
280989,414172,133
328887,90870,155
317525,132660,347
322417,935585,530
85151,785196,82
38878,918042,1851
731718,232504,848
607020,107692,375
403396,618578,5
920883,354754,442
98940,366435,253
229536,212366,590
12778,975724,174
509937,998913,203
784616,3894,661
877276,668467,376
784623,352427,930
632522,742092,223
400288,222168,670
382421,209750,515
669256,442208,1980
805478,683627,1912
199575,850645,631
429368,212366,215
502855,853711,1871
679107,384028,39
55053,895595,84
675367,361613,12
672075,429117,1221
790888,168040,2956
927331,109628,1107
654489,202503,510
139237,354754,68
152478,203996,127
259799,710003,265
8900,964047,440
920883,660174,639
55408,682351,7495
314971,720245,2830
270111,415782,170
705632,569289,115
118488,752391,716
923376,309284,134
185660,866793,1546
72444,890120,204
30144,712748,477
266071,28920,94
984969,252161,54
40167,311561,1548
173042,601908,751
102901,543819,68
390708,845427,258
30727,20945,695
143176,78544,490
709789,958530,578
160199,390190,198
960206,85370,156
161042,962732,425
402769,926341,324
202335,617660,940
642482,246334,439
519266,63682,3051
312559,913809,137
238972,950081,175
325302,155818,904
267531,964047,590
508406,312649,191
960206,745054,54
994931,814246,59
820860,839911,568
32806,940359,981
424504,546334,216
314004,442180,717
837172,442208,1901
393604,453204,145
224720,95297,112
695893,670344,917
393955,85370,600
367242,431125,70
711400,887902,815
484907,265980,14
646566,64135,1294
102625,24488,2889
888088,676985,260
681518,821099,317
749499,230551,238
728367,322436,33
787676,672235,102
978528,429117,861
677025,508949,99
91756,785679,286
549525,853711,1490
787417,359964,534
923619,270910,589
400867,528099,221
737755,957839,134
74425,589532,1577
568086,936020,119
890113,853711,24
235170,569118,86
536265,528099,282
530390,866793,733
977079,313852,316
389769,875119,256
428998,49726,563
97664,821099,418
575204,252161,286
699658,528099,528
791435,70231,213
846009,85370,318
721150,676985,134
275713,111351,228
194857,412048,795
170550,402992,1627
723044,417293,1060
754834,244124,97
822352,199701,812
235170,352075,81
177443,964047,512
969286,64135,1219
987325,181501,1305
617846,828819,680
33121,80605,423
956839,11502,841
367802,265964,664
888088,404921,254
678529,133039,231
520893,384028,311
809698,442180,1105
165614,175115,15
736141,831838,307
96798,807942,201
973459,352427,735
237425,157172,302
809388,49317,5
545414,498393,218
208084,477242,499
994374,701088,28
572310,442180,828
640518,59550,1229
83635,637840,1044
144562,173540,296
776400,378771,382
16583,528099,529
190904,268162,11
893916,124092,4
179421,926341,1128
701078,110225,25
202247,467336,4677
930675,133019,348
852394,85370,1677
177443,746858,347
562020,530577,1657
197033,748799,2245
82245,853711,179
500846,359220,353
413789,325135,236
879323,989717,1048
202214,779403,2725
130226,617660,322
271278,15238,204
994557,134783,775
227443,120514,534
85436,166932,251
430771,40691,2515
800567,313852,1348
594595,272463,1009
602238,838905,599
808515,706119,547
412878,311506,17
187384,698235,340
356813,25918,4013
984969,80605,30
416960,252161,337
40413,419839,336
502855,936020,352
844831,34924,867
949563,879164,200
50105,543648,802
152481,610392,62
434435,785196,314
33464,845427,361
948668,30376,72
778579,957303,22
961715,161791,22
873523,352427,508
578024,353431,76
304321,853711,563
791435,103828,133
417654,64135,1052
749492,64135,229
185706,124806,240
350827,277274,60
51230,634974,136
399905,203088,357
857999,404332,447
33464,303562,285
184614,977586,161
973459,166845,693
377658,668467,170
704863,578968,192
633359,880878,498
235413,209750,2111
465371,372684,153
98667,207572,297
619079,158396,3602
233229,768391,627
845529,63682,1840
322585,693469,181
277054,405050,58
88833,744225,744
46456,914322,53
15762,668467,5
647391,657859,346
239727,683627,1374
501468,879164,81
642482,209007,335
3028,209750,880
212710,90870,159
472016,28920,309
166292,530577,1067
633359,191894,571
277054,133019,60
835622,197587,1
423178,667537,80
259639,974267,23
845634,419839,248
792165,134783,129
789430,155818,14
277054,343176,44
214829,191894,440
540926,279434,328
857941,706119,139
764096,821099,488
834971,733338,149
14468,675314,442
912908,493058,300
853921,172260,410
164135,337273,1433
469062,129281,78
416960,166932,364
45937,904169,198
834376,169708,2500
909173,175115,1019
920883,660174,639
965592,930577,189
406426,950993,98
103910,7391,8
730687,133305,2
629573,116583,677
277054,956375,84
803618,927649,1986
275753,390190,94
680728,71619,290
676545,419839,1097
821622,665171,161
342670,947232,1158
494923,282435,923
6135,493058,130
931169,473976,402
655693,85370,720
492472,64135,488
364034,842353,403
25155,645622,351
677058,720245,565
422091,112277,153
170550,302845,702
402769,175115,546
454897,516667,223
824555,28920,192
971793,765004,245
292771,124092,339
103538,357600,584
124877,440242,101
706244,614148,144
88225,361613,1042
699074,541838,503
459393,251377,168
607890,95297,89
369563,839911,115
421565,134783,478
72738,9090,3
396793,169708,756
594595,442180,925
971793,810277,319
445584,124092,493
189623,442208,349
617795,830738,182
896821,576534,432
743325,671604,1345
960206,357600,98
49050,64135,1115
141927,618578,149
966008,5626,1470
269980,674187,198
402769,85370,482
370851,943498,538
625230,676985,335
995957,853711,722
539688,707607,669
155813,866793,460
144562,158396,305
50241,608480,30
504523,342381,77
757732,337273,1821
548221,282435,991
951876,693469,262
287882,955087,468
890152,879164,383
320710,322141,704
638857,369725,331
546836,218845,277
502818,660918,253
725812,753436,1220
865119,332403,2333
568086,532822,264
620868,433133,3495
132031,555325,629
778959,332403,231
33464,750287,213
382421,270910,271
638857,845427,669
687155,158396,774
252634,21244,1098
259639,503267,5
663510,676985,264
854305,303562,209
30564,812449,12
249741,683627,4994
204172,347465,374
91419,208721,666
749492,158396,137
713644,175115,793
196165,358492,163
411790,220331,191
929711,337273,2103
484907,134783,62
568086,576534,209
889517,516044,253
559248,429117,129
497387,807942,588
341782,633474,257
294105,546334,123
651183,974267,1820
983674,196949,1358
10146,644221,755
835455,618674,149
459818,652478,48
751455,712748,96
269328,567422,24
499932,892846,570
179421,442208,2983
758559,516667,65
742254,208721,339
522992,830738,278
518921,962732,919
593103,765421,170
85752,577053,72
149654,550395,310
965700,475471,36
84439,530632,1381
663510,528099,405
888300,923116,334
648669,660918,73
685892,442180,451
877034,263311,162
196145,442180,1318
165117,520816,285
166694,407954,332
709789,124092,1316
452902,442208,513
49766,880536,250
90694,978372,230
582638,978372,436
548221,155818,515
3859,107692,77
33464,71619,311
460157,64135,262
239727,567422,799
253537,936020,47
567216,306419,352
807227,15238,2044
614445,731343,722
690769,172260,362
541424,465904,435
677984,222168,127
103910,858686,5
617866,175115,5
278830,449058,281
711678,610392,1338
541424,950993,477
552585,998913,42
59627,322141,256
821622,695522,328
470255,510309,59
514757,90870,641
945089,634962,86
184614,297030,196
713609,62959,368
856725,134783,360
914075,205688,282
826214,701088,268
52457,175115,1044
952776,361613,683
433030,54879,198
583366,24488,266
528461,866793,650
364034,841918,623
296676,163987,455
142118,24488,953
180375,122935,2842
588774,880878,668
13163,668467,185
399905,103828,182
319372,397791,1414
687507,359964,119
763494,142649,344
208084,285685,542
258017,442180,170
803618,668467,871
275579,62959,124
968045,332403,215
483556,805598,148
779448,637840,448
145308,516044,1130
939428,18383,1126
252585,194983,121
305246,156463,969
803618,429815,1928
725592,710003,11
339202,737971,290
235126,322436,915
28913,13960,752
364412,681692,371
653180,176088,455
994374,412048,28
878123,955087,56
617317,203088,194
553396,490812,480
469487,361613,1043
67558,307791,2002
278374,876369,39
700784,461718,689
623472,175115,617
320710,266291,677
702370,940359,489
834971,309284,108
962823,272463,111
142105,619680,399
100501,807574,867
18043,858686,73
294105,923116,186
87420,720245,269
499932,955087,587
940285,172260,647
789805,577053,350
134594,964047,358
500189,389719,727
526882,878826,185
640827,21244,1096
580763,259282,606
926638,359220,2689
807227,67592,2090
280445,203088,761
724664,25918,182
106422,349340,325
224720,282435,173
18043,156463,122
308469,539831,371
523601,203996,586
783758,545918,776
212710,97764,214
731718,760269,969
736141,62959,355
694461,365434,337
235170,421331,177
236412,173540,442
772279,71619,1280
914075,110225,404
5795,268232,141
68228,481574,399
17887,15238,301
469215,194983,517
862531,397791,275
680731,161791,219
177443,203088,642
503376,843807,155
933875,614148,1282
241456,13960,1065
239727,168040,1236
902967,323714,93
960230,680503,551
760280,166932,4081
900354,33540,191
984969,76710,20
387838,765421,1043
225106,567422,266
405415,199666,1732
415685,289302,1933
802814,528099,1171
873017,361613,733
718042,134783,178
190904,384028,7
351902,175115,164
974428,107765,113
9421,861245,117
32806,427016,1176
52457,219307,607
637061,354754,19
767243,810856,362
220422,885751,155
93095,217900,7
213799,211286,468
505547,837412,800
729324,528099,552
539688,918042,1646
835622,695522,5
519934,429815,164
52933,217961,307
395918,792241,272
360936,354754,15
846666,614148,191
452902,404332,225
517362,707607,955
891512,244124,1343
862066,853711,448
461869,701088,46
606750,384028,406
485327,841918,926
50241,431125,4
383577,617660,281
38683,43041,1410
593162,453204,561
90694,219307,218
726374,254605,539
983433,467336,765
831804,444328,511
833800,359220,164
402936,617660,1233
87420,720245,269
898415,22989,157
983979,614148,417
804583,143052,1383
916590,250431,107
782910,134242,120
472734,453204,771
72444,324722,302
614445,693469,715
943078,266516,415
980347,945506,1700
257737,828986,121
984969,62959,27
336630,7391,33
943753,701088,393
240589,134783,939
68739,178147,204
933875,821099,1358
639932,175115,471
394479,442180,1192
462373,407954,493
909495,617660,124
949563,731343,262
377863,762154,233
385467,38684,96
170321,608480,791
900354,926341,226
778959,712748,211
560178,282435,4578
820777,878826,329
960673,265964,668
886454,812449,165
562020,965622,1129
377319,419839,79
675367,366172,3
387838,567422,1037
767217,113347,510
560009,706932,72
654187,950005,1202
290643,416657,241
386404,853711,822
55053,975724,120
365616,212366,136
640322,737971,381
573417,789786,1218
709789,569289,762
946410,926341,238
229999,322141,452
940375,689582,397
198599,306419,969
981277,530632,183
36420,349340,218
24901,352427,101
409386,181501,1234
412878,930630,48
112134,289302,1226
675367,156463,6
975124,46820,425
216482,631627,577
144562,577053,304
254511,828986,483
960230,138281,321
380320,930577,312
213860,579967,52
383236,914322,115
905328,544583,594
21793,54879,412
322250,149616,1162
798855,297030,306
835622,138281,3
393955,978372,390
865822,417921,423
616467,516044,62
703680,46897,214
550465,453204,557
654489,357600,489
991074,853711,918
632109,268162,2214
596439,737971,184
865119,689022,2076
253537,947232,81
83635,59550,727
769063,834789,297
517362,342381,743
49766,64135,402
980278,85370,347
511970,722609,120
24356,11502,1308
368452,810856,862
656073,580997,1237
310461,589532,2825
367563,659843,86
391289,285685,339
976972,303562,532
510457,175115,906
376613,384028,579
789430,785196,23
226076,407444,2190
755948,561941,341
511164,467336,2072
151062,720021,214
170321,166932,557
508816,683627,168
738689,892846,21
144771,244124,622
881238,176088,163
803238,977784,128
539688,63682,419
680396,219307,262
930068,882140,765
212644,432427,333
900354,419839,258
639932,845427,318
216482,39515,1152
550269,181501,127
132590,543819,126
481517,516044,395
798855,866793,470
75683,24488,487
135234,898797,810
12778,577464,261
727821,356630,63
469215,107692,728
820860,598237,632
142230,837094,201
715340,735702,77
39732,944806,2136
681518,843807,242
277770,714905,435
396606,24488,194
834376,133019,1457
504523,453204,76
544870,912372,1573
828735,501406,149
196095,662929,279
342670,577053,1577
560009,825117,73
101403,714905,441
892315,176088,456
951876,784421,343
909244,209750,758
900119,85370,16
584862,158396,647
687395,524197,59
609299,942223,129
249741,546334,2721
32806,539609,1485
978528,683627,2071
459818,66853,24
837613,465904,52
749499,639983,281
950407,656648,38
735011,64135,843
779381,467336,462
647391,795954,169
293697,68618,2525
584862,809762,975
984356,885763,429
786116,175115,263
103538,298381,433
759507,789472,154
72474,259282,145
500189,902478,926
229536,107765,794
226089,508949,288
725812,972871,450
767217,175115,1759
968045,442180,265
444135,181501,458
633359,301921,385
634006,156463,1122
520152,322436,374
275713,493058,312
879323,945506,437
275579,828007,127
607020,178147,414
322250,772796,753
492335,539609,3330
226184,347465,61
898415,389719,205
105101,246334,358
204933,161470,61
939238,603814,1
68690,683627,1042
133694,88581,290
316303,285685,244
87420,257446,193
136343,2864,74
402769,697735,300
953413,247498,30
627954,203088,135
856942,30048,93
931636,546334,1148
711678,337273,2475
441435,311506,153
475415,73778,357
858239,39515,162
881980,369424,1363
567216,430087,222
596916,168040,448
18043,712748,141
525419,493058,173
110476,506071,526
991074,193572,467
278374,94700,12
308469,943114,534
555524,665463,313
878123,508949,64
285752,158396,257
462373,155818,472
809388,880536,4
513869,731646,475
377658,689582,168
864274,417999,880
351038,682351,613
67558,957839,5065
968045,429815,194
830138,807942,366
824555,622212,198
235126,400730,743
21488,332403,946
601148,671604,175
140616,528099,369
183697,161791,987
200909,728573,464
932825,776827,447
443018,652478,551
698431,323363,1231
147687,894544,505
304970,618507,3861
891512,543648,1789
825437,561824,756
534751,515741,615
964784,231924,197
411817,398431,615
1539,341932,842
600619,799335,127
183735,974957,322
519266,831838,2429
459124,698235,140
653727,788259,329
114939,289302,436
219737,733338,317
584862,901795,1067
983433,505424,433
138166,684955,3419
583328,880878,765
555976,361613,161
749597,311506,760
456045,111351,231
363327,481574,359
396793,30048,374
540742,361613,927
902967,501522,74
255026,132660,470
33121,80605,423
328648,173210,398
607020,449050,421
68228,268162,450
358531,890120,213
788474,276204,161
596456,665463,1000
500785,539831,34
307077,853711,257
897590,878826,1154
290858,343176,382
200909,830738,417
656056,941421,267
100501,785400,860
738728,498393,3005
640827,301921,1144
5334,325135,153
149710,46897,579
237818,736860,452
26577,228054,21
749519,168040,264
826268,426874,243
455432,866793,957
235452,196581,1329
494923,467336,1122
406426,289302,168
856942,708270,97
873129,13960,966
956139,134783,32
677984,124092,218
748398,325011,212
606750,634974,290
665381,417921,157
751455,272463,143
73080,765004,608
98012,498393,328
455432,720245,767
303118,308431,140
60438,464465,186
502855,48739,425
681584,322141,74
662690,425848,210
742254,681692,394
302297,799263,160
164135,76710,538
295548,62959,71
49050,121800,1033
611037,363377,1006
46049,546613,1128
330908,429117,213
200909,546334,556
801034,581871,597
716303,950993,212
751813,337273,1090
790396,742056,30
192054,429117,714
626453,368515,2398
288324,558292,666
584565,652478,906
198812,289302,196
363327,343176,246
176789,753400,238
379529,48739,129
529359,95297,419
951876,543819,130
428286,59550,839
952776,662929,314
444135,353431,307
888338,964047,366
30727,217762,1038
691588,427016,255
655693,849673,372
263244,826122,88
119426,853711,7319
912908,676985,300
812593,235165,109
40056,158427,822
303215,998913,557
195074,419839,3
871393,203088,452
406426,64135,213
527585,352427,430
468051,693469,525
299012,79564,379
826214,845658,304
771079,880536,19
501724,430087,259
522694,516044,625
766406,956375,188
652162,731343,588
42287,59550,420
723328,257446,49
521751,417021,114
356813,565101,1021
711678,707607,2320
843911,337273,467
65347,998913,137
768985,85370,187
927322,397791,1595
514757,172260,751
904490,85370,749
29341,850645,1339
255026,880878,497
680728,615346,259
189623,206481,75
783758,870565,347
146170,404332,2160
492335,530632,2875
151121,494777,317
718042,282435,240
198916,175115,463
731718,68618,2466
596580,672708,290
751813,332403,1040
200749,283094,1884
826214,668467,147
798629,947232,1020
483900,212366,255
694983,690691,173
5795,603814,240
103652,841918,1393
662733,419839,538
909826,926341,1840
716303,244124,319
758559,124607,61
272515,124092,2728
809698,357600,584
32513,498393,321
17887,378771,295
529359,412048,493
446114,124092,1211
360729,681692,519
691588,657582,196
726374,682351,511
522150,639983,128
495790,176088,1366
698971,191894,1556
845632,913129,23
46098,896302,25
996946,256944,6548
275713,550395,588
428998,608480,750
555699,251377,118
777468,45127,437
312559,362489,146
790396,112419,58
764143,914322,138
174752,85370,362
398903,161791,2628
104494,962732,1649
454013,535885,143
790825,159780,111
182339,643049,11
596916,357060,230
382421,231924,553
292139,289302,298
893916,924533,1
535801,332403,832
784451,359220,258
187469,660710,1062
351902,181501,82
476123,25918,756
117648,467336,1839
508580,728573,219
46079,528099,343
680731,618674,139
263144,197587,263
456096,454172,217
434435,43055,369
930582,491725,200
469180,342381,342
723328,307791,23
101021,682351,2471
177443,464465,417
104494,366172,719
932825,417921,708
921349,918042,75
5334,375031,181
360679,765004,106
889517,159780,246
792165,617660,152
742254,64135,448
295282,245332,61
548651,175115,150
325302,996452,1018
220422,898797,139
582638,87843,661
781590,34924,310
781590,192063,427
881980,797471,906
519266,63682,3051
917331,842353,2096
338199,616925,914
536587,199666,8
674938,127368,175
826214,285685,222
685281,306419,188
145845,357060,207
555699,175115,234
846666,913809,101
458072,68758,400
504523,134783,73
398335,493427,1754
166292,558292,610
550465,481574,496
197548,354754,193
179421,810277,961
889399,156463,1487
853921,103828,319
157559,272463,3072
945432,720021,56
803618,347465,793
416958,701088,426
162306,303318,385
774992,354754,25
109576,943114,134
887152,111351,220
25050,998913,98
994557,332403,1058
454897,865987,166
767243,419839,450
834376,124092,2687
154186,209750,14
322585,323714,140
629329,442180,69
641245,845427,1870
728367,419839,35
635419,481574,320
302297,359964,101
897835,902478,1494
593548,984203,393
128643,617660,721
278830,342381,351
32820,556622,838
873729,926341,650
347609,30376,335
617866,984203,2
594395,577053,304
889399,111351,940
237818,887902,708
280445,853711,1307
504578,647752,78
873729,742092,491
434435,175115,436
152481,834789,47
199187,161791,52
930675,464465,325
773773,765004,219
840888,760269,147
144562,30048,239
831962,549883,780
162330,674816,304
508803,671460,97
627954,111351,76
789805,577053,350
820860,70926,705
194721,76655,808
194857,693469,920
566734,379168,48
715340,923116,141
218312,505424,479
296676,923116,895
166694,892986,286
402936,134783,1014
253522,720245,959
447968,640643,190
288324,112251,342
80991,530577,99
413862,176088,198
384852,930630,1024
115791,530577,259
196767,219307,162
713644,712748,628
306906,968423,237
102809,230551,52
96798,695522,289
947148,378771,588
914527,218845,278
415534,141278,552
545414,161791,294
849071,569289,3718
757708,828986,8
9797,539831,517
363659,879573,204
633800,708918,115
846009,85370,318
326381,429815,728
303215,695937,501
960673,751476,1808
255026,680971,218
563940,357060,54
779163,182948,665
208084,378771,537
106743,21244,155
28913,107765,759
13713,419839,243
290643,359964,228
500846,785196,417
875919,772796,23
824555,825117,249
573417,337273,1520
432054,589532,553
411093,332403,1186
727337,382847,266
528461,454172,607
791435,698415,169
679489,444328,880
183735,578968,713
619310,337599,328
633359,191894,571
959850,922019,100
723044,589905,5268
454428,278805,250
455432,95439,820
495790,879164,1249
700784,477242,699
860559,481574,177
233713,442208,989
208084,998913,541
791435,70231,213
937704,941421,252
240824,636297,625
189623,467096,178
773773,311506,136
216482,631627,577
930582,682351,364
508803,519863,154
522150,831838,107
731718,366462,230
479968,797981,29
208084,593896,510
492472,842438,348
389822,154796,248
322250,490313,432
50945,289302,536
376613,853711,1678
46049,728573,1090
288123,191894,337
941366,615562,455
573417,984203,799
456045,368515,223
153473,337599,604
98667,998913,439
617846,852932,580
537780,735779,820
10243,992122,318
233713,366172,203
434435,821099,379
510562,230551,274
193676,158396,555
120748,660174,93
900354,442180,416
220422,582264,128
517910,546334,102
178381,412048,210
217877,138281,294
160817,33540,261
839495,975724,197
255620,124092,343
772157,7391,920
187469,6139,1060
374927,653526,494
475311,124092,32
208084,285685,542
60438,282435,314
280445,918042,2141
144771,205688,484
961018,785196,61
954515,877336,2220
416958,662929,343
634006,926341,971
936230,560212,29
318384,713381,383
443869,491725,662
600619,481574,223
834971,64135,381
831804,151958,239
87432,876369,527
264895,569289,19
968045,442180,265
54907,652915,123
926602,665162,550
533645,975724,1199
293697,955087,982
888300,845427,243
400867,217961,182
430499,280800,847
10146,799335,180
981277,964047,163
23921,936020,23
949563,681692,302
61112,633474,175
265728,30895,1005
681518,918042,813
430499,681692,879
778023,680503,583
14688,959059,1771
40242,59550,1
617846,892846,1054
361097,626176,342
767676,531167,6
528461,710003,606
422091,151958,227
749597,203088,2421
47560,378771,73
780239,200862,318
470255,694161,52
974428,532822,99
448151,638106,103
857999,85370,555
364412,576469,209
475415,73355,210
607890,124806,78
736141,407954,345
184614,964047,217
990076,458201,96
504523,453949,99
592059,835492,518
235452,556507,685
143176,782278,315
44162,807530,766
368452,810856,862
517910,429117,75
425980,21244,250
98012,736860,210
257737,322436,140
352318,369424,231
492472,579967,294
945432,132660,69
518921,323714,805
208530,247498,166
522694,366435,601
119426,203088,4262
374572,467336,481
154142,90008,352
838520,676985,338
468370,357060,914
277054,343176,44
975852,467096,1290
331478,166845,841
810801,313852,614
969286,626176,753
779845,817299,136
149050,882140,715
971793,918042,1404
45937,23763,107
235170,569118,86
881238,271305,155
640322,43055,713
460157,991841,119
162330,947232,169
160817,923116,497
501468,809910,110
725812,710003,951
212425,799335,46
85752,710003,88
618019,94700,118
941366,161791,1006
980347,143052,2142
90148,46820,2036
68322,442208,168
876906,95439,1000
909495,693469,128
393955,437502,1569
916590,467336,377
59627,676985,264
154714,956375,159
561339,305861,18
742254,814031,244
937704,913809,673
348868,639521,50
98667,512894,583
381520,955087,19
90148,359964,2343
147716,555325,340
28913,528099,888
43130,404332,384
411817,710589,424
747027,878826,144
290643,695937,240
859160,965622,226
67558,530577,9632
705632,817206,52
173252,358877,252
540742,610392,427
301337,203088,367
749499,244124,424
264058,64135,487
971793,354754,372
564398,407954,139
890152,342381,414
383236,412048,145
324193,582264,19
513326,66853,61
672617,580528,1618
784451,419839,284
583085,642163,245
858927,789786,131
834313,701088,203
527866,593407,151
515608,354754,172
195691,378771,239
423178,528099,512
940045,880536,934
552585,998913,42
149710,124092,1484
266071,247498,80
820043,87843,526
258017,683627,182
411093,550395,1525
501724,318504,272
580347,110225,2227
883476,384028,32
498989,43055,1046
166096,643049,302
350287,173500,194
665978,812449,531
980278,203088,311
16154,961450,29
113887,722025,2426
689551,830738,325
411093,561824,803
369563,828007,70
852394,467336,1960
240824,282435,1386
33893,475187,48
763874,11502,3303
950407,45981,63
456045,429815,420
69792,482465,423
476123,753600,550
779163,712748,1295
485906,545860,91
877276,765004,413
299012,109628,173
98940,24488,810
29847,65027,93
416960,138281,135
548544,149835,797
626591,689022,106
674728,993433,671
607020,107692,375
224720,834789,79
349749,688024,587
617795,697735,209
515608,710589,155
69175,39515,266
128643,617660,721
452902,134783,211
890113,697735,9
292771,46897,137
757708,839768,8
763494,638106,546
500785,803231,13
863817,427016,85
983003,668467,112
522694,864429,627
43101,662929,307
517362,332403,953
534751,59550,708
594395,113347,117
929711,950993,1075
255026,244124,450
287882,298381,297
280445,577053,616
648669,357060,112
550427,195861,936
645071,676985,437
453432,288799,11
803238,235165,141
165614,134783,10
887152,429815,395
216482,838773,675
425517,516044,121
860559,449058,166
285752,837231,225
641770,2518,163
109353,168040,2498
834376,660710,2085
32806,652478,1685
235413,244124,2049
485327,276204,327
367563,680971,85
100501,494777,763
696596,205688,112
583085,121996,334
847991,71619,194
117648,209750,1388
439902,544583,460
377319,593407,70
198694,282435,1210
463435,944806,29
272968,168040,294
172715,779403,205
144919,419839,201
782910,644221,460
185660,841918,2877
539162,22967,110
680396,874488,238
454428,134783,423
952776,85370,535
629589,440242,629
274429,313852,349
295282,972871,61
277770,493058,513
118098,141278,454
425517,831838,168
285752,191805,289
86582,70231,347
391445,918042,472
817147,746858,167
417654,875119,280
553396,356630,364
974428,64135,159
239119,50627,195
827354,231924,299
926638,672373,1829
485420,890771,3050
217877,926341,455
854305,303562,209
589745,695073,4
138166,572683,1983
611037,767751,584
508803,341932,85
343297,244124,177
560178,845658,4066
364315,924533,3506
672617,62959,1073
447121,545860,829
723044,230551,896
473629,831838,961
46079,586320,160
842403,618540,410
184614,945506,180
536265,913809,133
812593,681692,484
263666,181501,125
923376,279540,249
615851,956375,217
677058,64135,939
849071,918042,12628
555524,257446,110
588548,530577,1036
875987,432302,221
826214,442180,425
270111,217762,657
620114,528099,1409
983003,668467,112
307066,155818,44
623472,15238,362
887152,278805,195
517362,155818,486
687395,138281,37
329721,219307,1675
326381,685277,381
714512,892846,1310
266071,24488,202
956532,24488,107
112134,322436,914
519861,442180,457
74832,866793,464
975124,244124,835
302819,419839,2472
85752,467336,122
983003,287317,128
597966,64135,546
259639,481574,26
880633,398911,366
307836,810277,86
428998,62760,262
379357,378771,191
888088,154970,222
791263,90870,70
527585,918042,1326
197117,765004,318
38878,225992,667
